,S&P 50,Nasdaq,Dow-Jones,Company,DateTime,Price,Price_Difference,Moving Average
0,0,0,0,Amazon,2020-09-21 11:36:55,2903.53,0,0
1,1.3299999999999272,4.319999999999709,1.8400000000001455,Amazon,2020-09-21 11:37:29,2903.48,-0.0500000000001819,0
2,-1.0899999999996908,0.0,0.0,Amazon,2020-09-21 11:38:02,2904.91,1.4299999999998363,0
3,-0.24000000000023647,9.479999999999563,4.200000000000728,Amazon,2020-09-21 11:38:36,2900.65,-4.2599999999997635,0
4,0.0,0.0,0.0,Amazon,2020-09-21 11:39:08,2900.65,0.0,0
5,0.0,-5.779999999998836,16.389999999999418,Amazon,2020-09-21 11:39:40,2899.83,-0.8200000000001637,2902.644
6,1.3299999999999272,1.7999999999992724,-20.590000000000146,Amazon,2020-09-21 11:40:13,2900.0,0.17000000000007276,2901.9039999999995
7,1.4100000000003092,0.0,11.380000000001019,Amazon,2020-09-21 11:40:45,2900.0,0.0,2901.2079999999996
8,0.0,0.0,9.209999999999127,Amazon,2020-09-21 11:41:16,2900.0,0.0,2900.226
9,-0.36000000000012733,-1.7999999999992724,0.0,Amazon,2020-09-21 11:41:48,2900.0,0.0,2900.096
10,0.0,0.0,41.31000000000131,Amazon,2020-09-21 11:42:21,2900.0,0.0,2899.966
11,3.0900000000001455,3.969999999999345,-44.210000000002765,Amazon,2020-09-21 11:42:53,2900.0,0.0,2900.0
12,-0.7899999999999636,-3.969999999999345,36.80000000000291,Amazon,2020-09-21 11:43:27,2899.1,-0.900000000000091,2900.0
13,-1.9400000000000546,0.0,0.0,Amazon,2020-09-21 11:43:58,2899.1,0.0,2899.82
14,0.0,25.30999999999949,4.809999999997672,Amazon,2020-09-21 11:44:31,2899.8,0.7000000000002728,2899.6400000000003
15,0.0,0.0,0.0,Amazon,2020-09-21 11:45:02,2899.8,0.0,2899.6
16,-2.0100000000002183,0.19000000000050932,-1.8299999999981083,Amazon,2020-09-21 11:45:35,2895.86,-3.9400000000000546,2899.56
17,3.3200000000001637,7.309999999999491,4.430000000000291,Amazon,2020-09-21 11:46:09,2894.12,-1.7400000000002365,2898.732
18,0.0,0.0,-7.4099999999998545,Amazon,2020-09-21 11:46:42,2894.12,0.0,2897.736
19,-7.2400000000002365,-5.399999999999636,-65.42000000000189,Amazon,2020-09-21 11:47:15,2891.93,-2.1900000000000546,2896.7400000000002
20,0.0,0.0,0.0,Amazon,2020-09-21 11:47:48,2891.93,0.0,2895.1659999999997
21,-0.8599999999996726,0.0,15.93999999999869,Amazon,2020-09-21 11:48:19,2892.53,0.6000000000003638,2893.5919999999996
22,0.0,0.0,0.0,Amazon,2020-09-21 11:48:51,2892.53,0.0,2892.9260000000004
23,3.6299999999996544,-1.9099999999998545,39.45000000000073,Amazon,2020-09-21 11:49:23,2893.27,0.7399999999997817,2892.608
24,0.0,0.0,-56.47999999999956,Amazon,2020-09-21 11:49:55,2893.27,0.0,2892.438
25,0.0,-11.520000000000437,0.0,Amazon,2020-09-21 11:50:28,2891.0,-2.269999999999982,2892.706
26,0.0,0.0,17.029999999998836,Amazon,2020-09-21 11:50:59,2891.0,0.0,2892.52
27,-2.6099999999996726,13.399999999999636,-5.859999999996944,Amazon,2020-09-21 11:51:31,2891.0,0.0,2892.214
28,0.0,0.0,0.0,Amazon,2020-09-21 11:52:03,2891.0,0.0,2891.9080000000004
29,-0.3100000000004002,-7.559999999999491,-25.68000000000029,Amazon,2020-09-21 11:52:34,2891.0,0.0,2891.454
30,0.0,0.0,5.1599999999998545,Amazon,2020-09-21 11:53:06,2893.14,2.1399999999998727,2891.0
31,-1.1899999999995998,0.0,0.0,Amazon,2020-09-21 11:53:38,2893.14,0.0,2891.428
32,0.0,0.0,8.950000000000728,Amazon,2020-09-21 11:54:10,2893.14,0.0,2891.8559999999998
33,1.2899999999999636,0.0,15.089999999996508,Amazon,2020-09-21 11:54:42,2895.79,2.650000000000091,2892.2839999999997
34,0.0,0.0,-15.089999999996508,Amazon,2020-09-21 11:55:14,2895.79,0.0,2893.2419999999997
35,-1.2899999999999636,0.6499999999996362,0.0,Amazon,2020-09-21 11:55:46,2897.0,1.2100000000000364,2894.2
36,0.0,0.0,0.0,Amazon,2020-09-21 11:56:17,2897.0,0.0,2894.972
37,1.169999999999618,9.880000000001019,0.0,Amazon,2020-09-21 11:56:49,2900.0,3.0,2895.744
38,0.0,0.0,-9.570000000003347,Amazon,2020-09-21 11:57:21,2900.0,0.0,2897.116
39,0.12000000000034561,-3.1700000000000728,0.0,Amazon,2020-09-21 11:57:53,2893.83,-6.170000000000073,2897.958
40,0.0,0.0,-5.489999999997963,Amazon,2020-09-21 11:58:24,2893.83,0.0,2897.566
41,-3.9200000000000728,0.0,0.0,Amazon,2020-09-21 11:58:56,2892.93,-0.900000000000091,2896.932
42,0.0,0.0,-12.209999999999127,Amazon,2020-09-21 11:59:28,2892.93,0.0,2896.118
43,5.150000000000091,-5.460000000000946,0.0,Amazon,2020-09-21 12:00:01,2894.63,1.7000000000002728,2894.704
44,0.0,0.0,0.0,Amazon,2020-09-21 12:00:33,2894.63,0.0,2893.63
45,-1.3500000000003638,8.630000000001019,6.049999999999272,Amazon,2020-09-21 12:01:13,2895.44,0.8099999999999454,2893.79
46,-3.799999999999727,-37.91000000000167,16.049999999999272,Amazon,2020-09-21 12:01:46,2889.34,-6.099999999999909,2894.112
47,0.0,0.0,-13.790000000000873,Amazon,2020-09-21 12:02:17,2889.34,0.0,2893.394
48,2.900000000000091,13.040000000000873,-8.309999999997672,Amazon,2020-09-21 12:02:49,2889.34,0.0,2892.6760000000004
49,0.0,0.0,0.0,Amazon,2020-09-21 12:03:22,2889.34,0.0,2891.618
50,-4.930000000000291,-13.040000000000873,-7.190000000002328,Amazon,2020-09-21 12:03:54,2891.5,2.1599999999998545,2890.5600000000004
51,0.0,0.0,0.0,Amazon,2020-09-21 12:04:26,2891.5,0.0,2889.772
52,-1.0199999999999818,7.390000000001237,8.5,Amazon,2020-09-21 12:04:57,2894.74,3.2399999999997817,2890.204
53,0.0,0.0,0.0,Amazon,2020-09-21 12:05:29,2894.74,0.0,2891.284
54,0.0,-2.0799999999999272,8.9900000000016,Amazon,2020-09-21 12:06:02,2891.48,-3.2599999999997635,2892.364
55,0.0,0.0,-8.9900000000016,Amazon,2020-09-21 12:06:33,2891.48,0.0,2892.792
56,1.0199999999999818,-0.38000000000101863,0.0,Amazon,2020-09-21 12:07:16,2894.24,2.7599999999997635,2892.7879999999996
57,0.0,0.0,20.87000000000262,Amazon,2020-09-21 12:07:48,2894.24,0.0,2893.336
58,0.0,0.0,0.0,Amazon,2020-09-21 12:08:20,2897.06,2.8200000000001637,2893.236
59,3.7800000000002,0.0,0.029999999998835847,Amazon,2020-09-21 12:08:51,2897.06,0.0,2893.7
60,0.0,0.0,0.0,Amazon,2020-09-21 12:09:24,2896.29,-0.7699999999999818,2894.816
61,0.0,0.0,-11.909999999999854,Amazon,2020-09-21 12:09:55,2896.29,0.0,2895.778
62,-0.5399999999999636,0.0,13.669999999998254,Amazon,2020-09-21 12:10:26,2896.29,0.0,2896.1879999999996
63,0.0,0.0,0.0,Amazon,2020-09-21 12:10:57,2896.29,0.0,2896.5980000000004
64,0.29999999999972715,0.0,-0.020000000000436557,Amazon,2020-09-21 12:11:30,2897.26,0.9700000000002547,2896.4440000000004
65,-0.29999999999972715,0.0,0.0,Amazon,2020-09-21 12:12:01,2897.26,0.0,2896.484
66,0.0,3.180000000000291,0.0,Amazon,2020-09-21 12:12:34,2897.26,0.0,2896.678
67,0.8299999999999272,-6.020000000000437,4.81000000000131,Amazon,2020-09-21 12:13:05,2897.26,0.0,2896.8720000000003
68,0.0,0.0,23.63000000000102,Amazon,2020-09-21 12:13:48,2903.58,6.319999999999709,2897.0660000000003
69,4.320000000000164,6.020000000000437,-28.44000000000233,Amazon,2020-09-21 12:14:21,2902.42,-1.1599999999998545,2898.5240000000003
70,-4.450000000000273,18.899999999999636,26.63000000000102,Amazon,2020-09-21 12:14:53,2903.58,1.1599999999998545,2899.556
71,0.0,0.0,0.0,Amazon,2020-09-21 12:15:25,2903.58,0.0,2900.82
72,1.5900000000001455,-31.139999999999418,-25.729999999999563,Amazon,2020-09-21 12:15:56,2909.46,5.880000000000109,2902.084
73,0.8899999999998727,6.219999999999345,25.729999999999563,Amazon,2020-09-21 12:16:28,2909.46,0.0,2904.524
74,3.369999999999891,-14.459999999999127,3.9500000000007276,Amazon,2020-09-21 12:17:02,2909.1,-0.36000000000012733,2905.7
75,0.0,0.0,0.0,Amazon,2020-09-21 12:17:39,2909.1,0.0,2907.0359999999996
76,0.0,8.239999999999782,-0.569999999999709,Amazon,2020-09-21 12:18:10,2911.76,2.6600000000003092,2908.1400000000003
77,-0.2899999999999636,-8.209999999999127,0.569999999999709,Amazon,2020-09-21 12:18:42,2911.76,0.0,2909.7760000000003
78,0.0,0.0,0.0,Amazon,2020-09-21 12:19:15,2911.76,0.0,2910.236
79,0.2899999999999636,-0.030000000000654836,13.329999999998108,Amazon,2020-09-21 12:19:47,2911.44,-0.3200000000001637,2910.696
80,0.0,0.0,0.0,Amazon,2020-09-21 12:20:18,2911.44,0.0,2911.164
81,0.7899999999999636,5.209999999999127,5.540000000000873,Amazon,2020-09-21 12:20:49,2912.11,0.6700000000000728,2911.6320000000005
82,0.0,0.0,0.0,Amazon,2020-09-21 12:21:21,2912.11,0.0,2911.702
83,0.0,6.200000000000728,-12.529999999998836,Amazon,2020-09-21 12:21:53,2915.0,2.8899999999998727,2911.7720000000004
84,0.0,0.0,2.1899999999986903,Amazon,2020-09-21 12:22:26,2914.08,-0.9200000000000728,2912.42
85,2.680000000000291,0.5400000000008731,10.340000000000146,Amazon,2020-09-21 12:22:58,2912.36,-1.7199999999998,2912.948
86,-3.2600000000002183,-11.920000000000073,21.700000000000728,Amazon,2020-09-21 12:23:29,2912.36,0.0,2913.1320000000005
87,0.0,0.0,0.0,Amazon,2020-09-21 12:24:01,2912.36,0.0,2913.1820000000002
88,3.7100000000000364,1.5899999999983265,0.0,Amazon,2020-09-21 12:24:33,2916.08,3.7199999999998,2913.2320000000004
89,0.0,0.0,0.0,Amazon,2020-09-21 12:25:05,2916.08,0.0,2913.4480000000003
90,0.9700000000002547,10.330000000001746,-4.700000000000728,Amazon,2020-09-21 12:25:37,2916.08,0.0,2913.848
91,0.07999999999992724,0.0,10.139999999999418,Amazon,2020-09-21 12:26:10,2915.43,-0.650000000000091,2914.5919999999996
92,-0.9100000000003092,0.0,7.260000000002037,Amazon,2020-09-21 12:26:44,2911.69,-3.7399999999997817,2915.206
93,0.0,0.0,0.0,Amazon,2020-09-21 12:27:16,2911.69,0.0,2915.072
94,0.8000000000001819,4.819999999999709,-7.260000000002037,Amazon,2020-09-21 12:27:48,2914.49,2.799999999999727,2914.1940000000004
95,0.0,-1.4800000000013824,-5.43999999999869,Amazon,2020-09-21 12:28:19,2914.49,0.0,2913.876
96,0.0,0.0,0.0,Amazon,2020-09-21 12:28:52,2915.81,1.3200000000001637,2913.558
97,0.0,-0.3499999999985448,-4.700000000000728,Amazon,2020-09-21 12:29:23,2915.81,0.0,2913.6339999999996
98,0.0,0.0,0.0,Amazon,2020-09-21 12:29:56,2915.81,0.0,2914.4579999999996
99,0.0,27.209999999999127,16.62000000000262,Amazon,2020-09-21 12:30:27,2915.81,0.0,2915.2819999999997
100,-0.38000000000010914,0.0,0.0,Amazon,2020-09-21 12:31:00,2921.88,6.070000000000164,2915.5459999999994
101,0.0,-27.270000000000437,3.4799999999995634,Amazon,2020-09-21 12:31:31,2921.88,0.0,2917.024
102,1.7600000000002183,0.0,0.0,Amazon,2020-09-21 12:32:03,2925.63,3.75,2918.2380000000003
103,-0.9200000000000728,29.13000000000102,0.0,Amazon,2020-09-21 12:32:36,2923.76,-1.8699999999998909,2920.202
104,-0.4499999999998181,-12.920000000000073,2.6299999999973807,Amazon,2020-09-21 12:33:13,2920.45,-3.3100000000004,2921.7920000000004
105,0.4499999999998181,23.01000000000022,0.0,Amazon,2020-09-21 12:33:45,2920.45,0.0,2922.72
106,0.0,0.0,13.600000000002183,Amazon,2020-09-21 12:34:16,2920.45,0.0,2922.434
107,1.3200000000001637,-5.980000000001382,0.0,Amazon,2020-09-21 12:34:47,2920.45,0.0,2922.148
108,-0.11000000000012733,0.0,-13.540000000000873,Amazon,2020-09-21 12:35:19,2917.62,-2.8299999999999272,2921.112
109,0.0,1.7900000000008731,0.0,Amazon,2020-09-21 12:35:51,2917.62,0.0,2919.8839999999996
110,-0.7600000000002183,0.0,-5.430000000000291,Amazon,2020-09-21 12:36:23,2917.62,0.0,2919.3179999999993
111,0.0,-3.9400000000005093,0.0,Amazon,2020-09-21 12:36:55,2917.62,0.0,2918.7519999999995
112,1.3500000000003638,0.0,5.180000000000291,Amazon,2020-09-21 12:37:27,2919.28,1.6600000000003092,2918.1859999999992
113,0.0,13.300000000001091,0.0,Amazon,2020-09-21 12:37:58,2919.28,0.0,2917.952
114,0.2699999999999818,0.0,0.0,Amazon,2020-09-21 12:38:31,2922.68,3.399999999999636,2918.2840000000006
115,-0.2699999999999818,-11.150000000001455,-0.4399999999986903,Amazon,2020-09-21 12:39:02,2920.71,-1.9699999999998,2919.2960000000003
116,1.5199999999999818,0.0,0.4399999999986903,Amazon,2020-09-21 12:39:44,2922.32,1.6100000000001273,2919.9139999999998
117,0.0,0.0,0.0,Amazon,2020-09-21 12:40:15,2922.32,0.0,2920.8540000000003
118,-1.5199999999999818,11.4900000000016,-2.2599999999983993,Amazon,2020-09-21 12:40:47,2922.32,0.0,2921.462
119,0.0,0.0,0.0,Amazon,2020-09-21 12:41:19,2922.32,0.0,2922.0699999999997
120,1.5199999999999818,-0.21000000000094587,0.0,Amazon,2020-09-21 12:41:51,2914.76,-7.559999999999945,2921.998
121,0.0,0.0,0.0,Amazon,2020-09-21 12:42:22,2914.76,0.0,2920.808
122,0.0,4.010000000000218,0.0,Amazon,2020-09-21 12:42:54,2913.56,-1.2000000000002728,2919.2960000000003
123,0.0,0.0,0.0,Amazon,2020-09-21 12:43:27,2913.56,0.0,2917.5440000000003
124,-3.5300000000002,-1.6700000000000728,10.059999999997672,Amazon,2020-09-21 12:43:59,2910.98,-2.5799999999999272,2915.792
125,0.05999999999994543,4.540000000000873,0.0,Amazon,2020-09-21 12:44:33,2913.56,2.5799999999999272,2913.524
126,0.0,0.0,0.0,Amazon,2020-09-21 12:45:04,2913.56,0.0,2913.2839999999997
127,3.4600000000000364,-0.4900000000016007,-12.680000000000291,Amazon,2020-09-21 12:45:35,2910.58,-2.980000000000018,2913.044
128,-7.449999999999818,0.4900000000016007,-14.37999999999738,Amazon,2020-09-21 12:46:07,2907.79,-2.7899999999999636,2912.448
129,3.9299999999998363,7.069999999999709,0.0,Amazon,2020-09-21 12:46:41,2910.58,2.7899999999999636,2911.2940000000003
130,0.0,0.0,0.0,Amazon,2020-09-21 12:47:14,2910.58,0.0,2911.2140000000004
131,-3.9299999999998363,-7.069999999999709,-17.31000000000131,Amazon,2020-09-21 12:47:46,2907.35,-3.230000000000018,2910.618
132,0.0,0.0,0.0,Amazon,2020-09-21 12:48:17,2907.35,0.0,2909.376
133,1.4299999999998363,-5.400000000001455,15.669999999998254,Amazon,2020-09-21 12:48:49,2906.03,-1.319999999999709,2908.7300000000005
134,0.0,0.0,0.0,Amazon,2020-09-21 12:49:22,2906.03,0.0,2908.378
135,-3.0099999999997635,4.9099999999998545,-17.149999999997817,Amazon,2020-09-21 12:49:54,2900.24,-5.790000000000418,2907.4680000000003
136,0.0,0.0,4.049999999999272,Amazon,2020-09-21 12:50:25,2900.24,0.0,2905.4
137,3.0899999999996908,0.9900000000016007,13.099999999998545,Amazon,2020-09-21 12:50:57,2900.24,0.0,2903.978
138,-0.7300000000000182,6.569999999999709,-17.149999999997817,Amazon,2020-09-21 12:51:29,2904.45,4.210000000000036,2902.5559999999996
139,0.0,0.0,0.0,Amazon,2020-09-21 12:52:00,2904.45,0.0,2902.2400000000002
140,0.0,5.489999999999782,17.149999999997817,Amazon,2020-09-21 12:52:32,2899.0,-5.449999999999818,2901.924
141,-1.900000000000091,-4.790000000000873,-19.62999999999738,Amazon,2020-09-21 12:53:04,2904.45,5.449999999999818,2901.6760000000004
142,0.0,-0.5799999999999272,2.1699999999982538,Amazon,2020-09-21 12:53:35,2904.45,0.0,2902.518
143,-1.9399999999995998,0.5799999999999272,0.0,Amazon,2020-09-21 12:54:06,2902.98,-1.4699999999998,2903.3599999999997
144,0.0,0.0,-5.059999999997672,Amazon,2020-09-21 12:54:38,2902.98,0.0,2903.066
145,1.9399999999995998,4.790000000000873,0.0,Amazon,2020-09-21 12:55:13,2897.73,-5.25,2902.772
146,0.0,0.0,-22.570000000003347,Amazon,2020-09-21 12:55:45,2897.73,0.0,2902.5179999999996
147,-4.1899999999996,0.0,22.570000000003347,Amazon,2020-09-21 12:56:17,2900.0,2.269999999999982,2901.174
148,0.0,0.0,0.0,Amazon,2020-09-21 12:56:49,2900.0,0.0,2900.284
149,3.319999999999709,-6.059999999999491,-0.8300000000017462,Amazon,2020-09-21 12:57:21,2902.29,2.2899999999999636,2899.688
150,0.0,0.0,-37.61999999999898,Amazon,2020-09-21 12:57:53,2902.29,0.0,2899.55
151,-3.319999999999709,1.0799999999999272,15.87999999999738,Amazon,2020-09-21 12:58:25,2901.0,-1.2899999999999636,2900.4620000000004
152,2.299999999999727,-4.550000000001091,0.0,Amazon,2020-09-21 12:58:59,2901.94,0.9400000000000546,2901.1160000000004
153,-0.5299999999997453,0.0,4.170000000001892,Amazon,2020-09-21 12:59:43,2902.0,0.05999999999994543,2901.504
154,0.0,0.0,0.0,Amazon,2020-09-21 13:00:16,2902.0,0.0,2901.904
155,-2.200000000000273,4.380000000001019,19.040000000000873,Amazon,2020-09-21 13:00:47,2904.48,2.480000000000018,2901.846
156,0.0,0.0,0.0,Amazon,2020-09-21 13:01:20,2904.48,0.0,2902.284
157,2.9100000000003092,-0.9099999999998545,0.0,Amazon,2020-09-21 13:01:51,2903.22,-1.2600000000002183,2902.98
158,0.0,0.0,0.0,Amazon,2020-09-21 13:02:24,2903.22,0.0,2903.236
159,1.3599999999996726,-28.200000000000728,-8.87000000000262,Amazon,2020-09-21 13:02:55,2903.22,0.0,2903.4799999999996
160,0.0,0.0,0.0,Amazon,2020-09-21 13:03:28,2901.74,-1.4800000000000182,2903.7239999999997
161,-2.619999999999891,4.149999999999636,0.0,Amazon,2020-09-21 13:03:59,2901.74,0.0,2903.176
162,0.0,0.0,0.0,Amazon,2020-09-21 13:04:32,2904.01,2.2700000000004366,2902.6279999999997
163,2.619999999999891,-4.149999999999636,-2.709999999999127,Amazon,2020-09-21 13:05:03,2904.01,0.0,2902.786
164,-0.6599999999998545,0.0,0.010000000002037268,Amazon,2020-09-21 13:05:43,2904.03,0.01999999999998181,2902.944
165,-1.9600000000000364,-2.3299999999999272,-11.220000000001164,Amazon,2020-09-21 13:06:17,2898.0,-6.0300000000002,2903.106
166,2.4600000000000364,4.239999999999782,0.0,Amazon,2020-09-21 13:06:50,2897.68,-0.3200000000001637,2902.358
167,-3.6900000000000546,2.2399999999997817,0.0,Amazon,2020-09-21 13:07:23,2897.68,0.0,2901.5460000000003
168,0.0,0.0,0.0,Amazon,2020-09-21 13:07:56,2897.68,0.0,2900.28
169,1.2300000000000182,-6.479999999999563,0.0,Amazon,2020-09-21 13:08:28,2897.68,0.0,2899.014
170,0.0,0.0,0.0,Amazon,2020-09-21 13:09:00,2897.68,0.0,2897.744
171,-0.5199999999999818,-5.559999999999491,-14.569999999999709,Amazon,2020-09-21 13:09:31,2897.17,-0.5099999999997635,2897.68
172,-2.800000000000182,-1.3500000000003638,14.569999999999709,Amazon,2020-09-21 13:10:04,2897.17,0.0,2897.578
173,0.0,-0.8400000000001455,-11.220000000001164,Amazon,2020-09-21 13:10:35,2897.17,0.0,2897.4759999999997
174,-0.4299999999998363,0.0,-2.5799999999981083,Amazon,2020-09-21 13:11:07,2897.17,0.0,2897.374
175,0.0,2.0799999999999272,0.0,Amazon,2020-09-21 13:11:41,2894.56,-2.6100000000001273,2897.272
176,-1.3600000000001273,0.0,-0.7700000000004366,Amazon,2020-09-21 13:12:14,2893.32,-1.2399999999997817,2896.648
177,0.0,-18.73999999999978,0.0,Amazon,2020-09-21 13:12:46,2893.32,0.0,2895.8779999999997
178,1.7200000000002547,0.0,-17.770000000000437,Amazon,2020-09-21 13:13:19,2891.92,-1.400000000000091,2895.1079999999997
179,-0.36000000000012733,17.05999999999949,12.529999999998836,Amazon,2020-09-21 13:13:51,2893.28,1.3600000000001273,2894.058
180,0.0,0.0,0.0,Amazon,2020-09-21 13:14:24,2893.28,0.0,2893.28
181,-1.3600000000001273,-0.11000000000058208,0.0,Amazon,2020-09-21 13:14:56,2893.15,-0.13000000000010914,2893.0240000000003
182,2.1200000000003456,3.640000000001237,-12.529999999998836,Amazon,2020-09-21 13:15:29,2895.32,2.1700000000000728,2892.9900000000002
183,0.0,-3.530000000000655,12.529999999998836,Amazon,2020-09-21 13:16:04,2895.19,-0.13000000000010914,2893.3900000000003
184,-2.1200000000003456,9.670000000000073,-1.75,Amazon,2020-09-21 13:16:38,2895.0,-0.19000000000005457,2894.0440000000003
185,1.2699999999999818,-9.670000000000073,0.0,Amazon,2020-09-21 13:17:11,2895.15,0.15000000000009095,2894.388
186,0.0,0.0,19.81999999999971,Amazon,2020-09-21 13:17:44,2895.15,0.0,2894.7619999999997
187,0.18000000000029104,-0.11000000000058208,0.0,Amazon,2020-09-21 13:18:16,2895.15,0.0,2895.162
188,-2.7400000000002365,9.780000000000655,-33.55999999999767,Amazon,2020-09-21 13:18:48,2890.55,-4.599999999999909,2895.1279999999997
189,-0.4299999999998363,-8.889999999999418,-1.8400000000001455,Amazon,2020-09-21 13:19:22,2890.0,-0.5500000000001819,2894.2
190,0.0,0.0,0.0,Amazon,2020-09-21 13:19:54,2890.0,0.0,2893.2
191,0.0,6.139999999999418,35.39999999999782,Amazon,2020-09-21 13:20:26,2892.0,2.0,2892.17
192,0.5399999999999636,0.0,0.0,Amazon,2020-09-21 13:20:58,2892.0,0.0,2891.54
193,0.15999999999985448,-9.780000000000655,1.4600000000027649,Amazon,2020-09-21 13:21:29,2891.0,-1.0,2890.91
194,1.3099999999999454,-3.289999999999054,-27.06000000000131,Amazon,2020-09-21 13:22:04,2892.0,1.0,2891.0
195,0.0,0.0,2.680000000000291,Amazon,2020-09-21 13:22:35,2892.0,0.0,2891.4
196,-2.069999999999709,-3.030000000000655,0.0,Amazon,2020-09-21 13:23:15,2895.68,3.6799999999998363,2891.8
197,0.0,0.0,0.0,Amazon,2020-09-21 13:23:48,2895.68,0.0,2892.536
198,2.069999999999709,-6.949999999998909,-12.479999999999563,Amazon,2020-09-21 13:24:20,2895.65,-0.02999999999974534,2893.272
199,0.0,0.0,21.399999999997817,Amazon,2020-09-21 13:24:52,2895.65,0.0,2894.202
200,1.4900000000002365,7.099999999998545,0.0,Amazon,2020-09-21 13:25:23,2895.65,0.0,2894.932
201,0.0,0.0,0.0,Amazon,2020-09-21 13:25:55,2895.65,0.0,2895.662
202,2.25,-9.3799999999992,6.190000000002328,Amazon,2020-09-21 13:26:27,2895.0,-0.650000000000091,2895.656
203,0.0,0.0,0.0,Amazon,2020-09-21 13:26:59,2895.0,0.0,2895.52
204,-2.25,-6.729999999999563,16.32999999999811,Amazon,2020-09-21 13:27:30,2896.84,1.8400000000001455,2895.3900000000003
205,0.0,0.0,0.0,Amazon,2020-09-21 13:28:02,2896.84,0.0,2895.6279999999997
206,2.400000000000091,6.729999999999563,6.5,Amazon,2020-09-21 13:28:33,2895.21,-1.6300000000001091,2895.866
207,-0.20000000000027285,-6.729999999999563,-6.5,Amazon,2020-09-21 13:29:11,2892.84,-2.369999999999891,2895.778
208,0.0,0.0,-16.32999999999811,Amazon,2020-09-21 13:29:42,2892.84,0.0,2895.346
209,-2.349999999999909,0.6599999999998545,0.0,Amazon,2020-09-21 13:30:14,2892.84,0.0,2894.9139999999998
210,0.0,0.569999999999709,-12.710000000002765,Amazon,2020-09-21 13:30:46,2892.84,0.0,2894.114
211,-1.75,-1.0,19.80000000000291,Amazon,2020-09-21 13:31:19,2888.58,-4.260000000000218,2893.314
212,0.0,0.0,0.0,Amazon,2020-09-21 13:31:52,2888.58,0.0,2891.9880000000003
213,4.460000000000036,6.850000000000364,3.0099999999983993,Amazon,2020-09-21 13:32:24,2888.19,-0.38999999999987267,2891.136
214,0.0,0.0,0.0,Amazon,2020-09-21 13:32:56,2888.19,0.0,2890.206
215,-4.460000000000036,-7.940000000000509,-4.239999999997963,Amazon,2020-09-21 13:33:28,2888.19,0.0,2889.2760000000003
216,0.0,0.0,0.0,Amazon,2020-09-21 13:34:00,2888.19,0.0,2888.3460000000005
217,0.0,7.110000000000582,1.2299999999995634,Amazon,2020-09-21 13:34:32,2888.01,-0.1799999999998363,2888.2680000000005
218,-1.8600000000001273,-5.5900000000001455,-48.54000000000087,Amazon,2020-09-21 13:35:11,2888.28,0.2699999999999818,2888.154
219,0.0,5.5900000000001455,6.5900000000001455,Amazon,2020-09-21 13:35:50,2888.84,0.5599999999999454,2888.172
220,0.0,0.0,0.0,Amazon,2020-09-21 13:36:22,2888.84,0.0,2888.302
221,-2.9400000000000546,0.0,6.25,Amazon,2020-09-21 13:36:53,2888.84,0.0,2888.4320000000002
222,0.0,-18.710000000000946,-19.56000000000131,Amazon,2020-09-21 13:37:25,2888.84,0.0,2888.5620000000004
223,2.9400000000000546,7.970000000001164,0.0,Amazon,2020-09-21 13:37:57,2887.78,-1.0599999999999454,2888.728
224,0.0,0.0,0.0,Amazon,2020-09-21 13:38:28,2887.78,0.0,2888.628
225,-1.6399999999998727,4.579999999999927,-8.169999999998254,Amazon,2020-09-21 13:39:01,2886.61,-1.1700000000000728,2888.416
226,0.0,0.0,6.349999999998545,Amazon,2020-09-21 13:39:41,2886.61,0.0,2887.9700000000003
227,-1.300000000000182,0.0,0.0,Amazon,2020-09-21 13:40:12,2886.61,0.0,2887.5240000000003
228,0.0,0.0,-7.649999999997817,Amazon,2020-09-21 13:40:43,2886.43,-0.18000000000029104,2887.0780000000004
229,-0.20999999999958163,4.18999999999869,0.0,Amazon,2020-09-21 13:41:15,2887.0,0.5700000000001637,2886.808
230,0.0,0.0,7.649999999997817,Amazon,2020-09-21 13:41:48,2887.0,0.0,2886.652
231,0.8399999999996908,-0.42999999999847205,0.0,Amazon,2020-09-21 13:42:20,2885.21,-1.7899999999999636,2886.73
232,0.0,0.0,0.0,Amazon,2020-09-21 13:42:54,2885.21,0.0,2886.45
233,-0.5899999999996908,0.42999999999847205,-4.930000000000291,Amazon,2020-09-21 13:43:26,2885.02,-0.19000000000005457,2886.1699999999996
234,0.5899999999996908,5.6600000000016735,-1.4199999999982538,Amazon,2020-09-21 13:43:59,2885.98,0.9600000000000364,2885.888
235,-0.5799999999999272,0.0,-5.709999999999127,Amazon,2020-09-21 13:44:32,2885.87,-0.11000000000012733,2885.684
236,0.0,0.0,0.0,Amazon,2020-09-21 13:45:04,2885.87,0.0,2885.458
237,0.5799999999999272,0.0,1.5,Amazon,2020-09-21 13:45:36,2885.87,0.0,2885.5899999999992
238,0.0,0.0,0.0,Amazon,2020-09-21 13:46:08,2885.87,0.0,2885.7219999999993
239,-1.6399999999998727,-17.640000000001237,-1.5,Amazon,2020-09-21 13:46:40,2886.29,0.42000000000007276,2885.892
240,0.0,0.0,0.0,Amazon,2020-09-21 13:47:12,2886.29,0.0,2885.954
241,-0.49000000000023647,0.0,0.0,Amazon,2020-09-21 13:47:44,2887.83,1.5399999999999636,2886.0380000000005
242,0.0,0.0,0.0,Amazon,2020-09-21 13:48:15,2887.83,0.0,2886.43
243,-1.599999999999909,0.42000000000007276,0.0,Amazon,2020-09-21 13:48:47,2885.3,-2.5299999999997453,2886.822
244,0.0,0.0,0.0,Amazon,2020-09-21 13:49:19,2885.3,0.0,2886.708
245,2.0900000000001455,-0.42000000000007276,-3.360000000000582,Amazon,2020-09-21 13:49:51,2887.15,1.849999999999909,2886.5099999999998
246,0.21000000000003638,-17.639999999999418,0.049999999999272404,Amazon,2020-09-21 13:50:24,2889.56,2.4099999999998545,2886.682
247,-0.21000000000003638,17.639999999999418,0.0,Amazon,2020-09-21 13:50:56,2889.56,0.0,2887.028
248,1.0,-18.55999999999949,7.579999999998108,Amazon,2020-09-21 13:51:30,2893.38,3.8200000000001637,2887.374
249,0.0,0.0,0.0,Amazon,2020-09-21 13:52:01,2893.38,0.0,2888.9900000000002
250,0.0,4.610000000000582,32.390000000003056,Amazon,2020-09-21 13:52:33,2894.28,0.900000000000091,2890.6060000000007
251,0.0,0.0,0.0,Amazon,2020-09-21 13:53:05,2894.28,0.0,2892.032
252,3.0799999999999272,3.359999999998763,-28.720000000001164,Amazon,2020-09-21 13:53:37,2894.28,0.0,2892.976
253,-0.02999999999974534,-3.139999999999418,0.0,Amazon,2020-09-21 13:54:10,2897.5,3.2199999999998,2893.9200000000005
254,-0.8900000000003274,-1.5200000000004366,30.5099999999984,Amazon,2020-09-21 13:54:44,2896.48,-1.0199999999999818,2894.744
255,0.0,0.0,0.0,Amazon,2020-09-21 13:55:15,2896.48,0.0,2895.364
256,0.9200000000000728,1.3000000000010914,14.420000000001892,Amazon,2020-09-21 13:55:47,2898.97,2.4899999999997817,2895.804
257,0.0,0.0,0.0,Amazon,2020-09-21 13:56:18,2898.97,0.0,2896.7419999999997
258,-0.02999999999974534,0.21999999999934516,-15.940000000002328,Amazon,2020-09-21 13:56:50,2898.97,0.0,2897.6799999999994
259,0.02999999999974534,-6.360000000000582,0.0,Amazon,2020-09-21 13:57:21,2898.97,0.0,2897.9739999999997
260,0.0,0.0,15.940000000002328,Amazon,2020-09-21 13:57:54,2900.03,1.0600000000004002,2898.4719999999998
261,5.360000000000127,6.360000000000582,0.0,Amazon,2020-09-21 13:58:24,2900.03,0.0,2899.182
262,0.0,0.0,-13.729999999999563,Amazon,2020-09-21 13:58:58,2903.55,3.519999999999982,2899.3940000000002
263,1.3800000000001091,-2.2600000000002183,0.0,Amazon,2020-09-21 13:59:29,2903.55,0.0,2900.31
264,-5.5600000000004,-4.100000000000364,36.409999999999854,Amazon,2020-09-21 14:00:00,2901.28,-2.269999999999982,2901.226
265,4.180000000000291,-11.949999999998909,-22.68000000000029,Amazon,2020-09-21 14:00:36,2900.21,-1.0700000000001637,2901.688
266,0.0,0.0,22.68000000000029,Amazon,2020-09-21 14:01:08,2900.21,0.0,2901.7240000000006
267,0.900000000000091,4.019999999998618,14.450000000000728,Amazon,2020-09-21 14:01:39,2906.15,5.940000000000055,2901.7599999999998
268,0.0,0.0,0.0,Amazon,2020-09-21 14:02:11,2906.15,0.0,2902.2799999999997
269,-0.24000000000023647,1.180000000000291,5.94999999999709,Amazon,2020-09-21 14:02:43,2906.83,0.6799999999998363,2902.8
270,0.0,0.0,0.0,Amazon,2020-09-21 14:03:16,2906.83,0.0,2903.91
271,0.24000000000023647,-2.779999999998836,1.860000000000582,Amazon,2020-09-21 14:03:47,2906.83,0.0,2905.234
272,0.0,0.0,0.0,Amazon,2020-09-21 14:04:20,2906.83,0.0,2906.558
273,3.5299999999997453,0.0,31.56000000000131,Amazon,2020-09-21 14:04:51,2906.83,0.0,2906.694
274,0.0,0.0,3.459999999999127,Amazon,2020-09-21 14:05:24,2904.48,-2.349999999999909,2906.83
275,0.0,-6.930000000000291,0.0,Amazon,2020-09-21 14:05:55,2904.48,0.0,2906.3599999999997
276,0.0,0.0,0.0,Amazon,2020-09-21 14:06:28,2904.48,0.0,2905.89
277,3.0,6.920000000000073,-3.459999999999127,Amazon,2020-09-21 14:07:00,2904.9,0.42000000000007276,2905.4199999999996
278,-0.6100000000001273,-2.2299999999995634,26.709999999999127,Amazon,2020-09-21 14:07:39,2902.83,-2.0700000000001637,2905.0339999999997
279,0.0,0.0,-23.25,Amazon,2020-09-21 14:08:11,2902.83,0.0,2904.234
280,0.0,0.0,0.0,Amazon,2020-09-21 14:08:43,2902.83,0.0,2903.904
281,0.08000000000038199,25.30999999999949,23.25,Amazon,2020-09-21 14:09:16,2902.14,-0.6900000000000546,2903.5739999999996
282,0.06999999999970896,0.0,-23.25,Amazon,2020-09-21 14:09:50,2903.45,1.3099999999999454,2903.1059999999998
283,0.0,0.0,15.869999999998981,Amazon,2020-09-21 14:10:23,2903.45,0.0,2902.816
284,1.4100000000003092,0.0,0.0,Amazon,2020-09-21 14:10:55,2903.45,0.0,2902.94
285,0.0,0.0,19.389999999999418,Amazon,2020-09-21 14:11:27,2903.45,0.0,2903.064
286,1.319999999999709,-4.450000000000728,0.0,Amazon,2020-09-21 14:11:59,2903.15,-0.29999999999972715,2903.1880000000006
287,0.0,0.0,1.2000000000007276,Amazon,2020-09-21 14:12:33,2903.15,0.0,2903.39
288,1.599999999999909,27.51000000000022,-1.2000000000007276,Amazon,2020-09-21 14:13:16,2906.62,3.4699999999998,2903.3299999999995
289,0.0,0.0,0.0,Amazon,2020-09-21 14:13:47,2906.62,0.0,2903.964
290,-2.919999999999618,3.819999999999709,0.0,Amazon,2020-09-21 14:14:20,2905.75,-0.8699999999998909,2904.5979999999995
291,0.0,0.0,0.0,Amazon,2020-09-21 14:14:54,2905.75,0.0,2905.058
292,3.1099999999996726,-3.819999999999709,8.860000000000582,Amazon,2020-09-21 14:15:25,2905.75,0.0,2905.578
293,0.0,0.0,0.0,Amazon,2020-09-21 14:15:57,2905.75,0.0,2906.098
294,-0.19000000000005457,3.819999999999709,0.0,Amazon,2020-09-21 14:16:28,2905.75,0.0,2905.924
295,0.0,0.0,14.860000000000582,Amazon,2020-09-21 14:17:11,2909.94,4.190000000000055,2905.75
296,0.0,0.0,0.0,Amazon,2020-09-21 14:17:43,2911.33,1.3899999999998727,2906.588
297,3.8600000000001273,-3.469999999999345,-14.470000000001164,Amazon,2020-09-21 14:18:16,2911.59,0.2600000000002183,2907.704
298,-4.679999999999836,0.0,24.9800000000032,Amazon,2020-09-21 14:18:48,2912.55,0.9600000000000364,2908.8720000000003
299,3.880000000000109,19.299999999999272,9.349999999998545,Amazon,2020-09-21 14:19:21,2914.34,1.7899999999999636,2910.232
300,0.0,0.0,0.0,Amazon,2020-09-21 14:19:52,2914.34,0.0,2911.95
301,0.0,0.6100000000005821,-19.860000000000582,Amazon,2020-09-21 14:20:24,2915.12,0.7799999999997453,2912.8300000000004
302,0.0,0.0,0.0,Amazon,2020-09-21 14:20:56,2915.12,0.0,2913.5879999999997
303,-0.24000000000023647,11.600000000000364,10.510000000002037,Amazon,2020-09-21 14:21:28,2913.71,-1.4099999999998545,2914.2939999999994
304,1.5599999999999454,0.0,0.0,Amazon,2020-09-21 14:22:00,2913.71,0.0,2914.5259999999994
305,-0.29999999999972715,-11.600000000000364,9.349999999998545,Amazon,2020-09-21 14:22:34,2915.0,1.2899999999999636,2914.4
306,0.0,0.0,0.0,Amazon,2020-09-21 14:23:06,2915.0,0.0,2914.532
307,3.230000000000018,11.819999999999709,1.1300000000010186,Amazon,2020-09-21 14:23:38,2915.0,0.0,2914.5080000000003
308,0.0,0.0,-1.1300000000010186,Amazon,2020-09-21 14:24:10,2915.0,0.0,2914.484
309,-4.4900000000002365,0.9799999999995634,-10.849999999998545,Amazon,2020-09-21 14:24:43,2918.31,3.3099999999999454,2914.7419999999997
310,4.4900000000002365,0.0,42.29999999999927,Amazon,2020-09-21 14:25:15,2917.66,-0.650000000000091,2915.662
311,0.0,0.0,-30.31999999999971,Amazon,2020-09-21 14:25:47,2917.66,0.0,2916.194
312,0.2899999999999636,-0.9799999999995634,0.0,Amazon,2020-09-21 14:26:19,2913.58,-4.079999999999927,2916.7259999999997
313,0.0,0.0,-17.93000000000029,Amazon,2020-09-21 14:26:50,2913.58,0.0,2916.442
314,-3.519999999999982,1.2900000000008731,45.80999999999767,Amazon,2020-09-21 14:27:22,2909.35,-4.230000000000018,2916.158
315,1.2999999999997272,0.42999999999847205,-1.0099999999983993,Amazon,2020-09-21 14:27:55,2909.35,0.0,2914.366
316,0.0,0.0,0.0,Amazon,2020-09-21 14:28:28,2909.35,0.0,2912.704
317,0.05999999999994543,0.020000000000436557,4.900000000001455,Amazon,2020-09-21 14:29:01,2911.63,2.2800000000002,2911.0420000000004
318,0.0,0.0,0.0,Amazon,2020-09-21 14:29:41,2911.63,0.0,2910.6520000000005
319,-0.44000000000005457,0.7800000000006548,-11.81000000000131,Amazon,2020-09-21 14:30:13,2910.78,-0.849999999999909,2910.262
320,0.0,0.0,0.0,Amazon,2020-09-21 14:30:45,2910.78,0.0,2910.548
321,2.0100000000002183,6.449999999998909,-15.069999999999709,Amazon,2020-09-21 14:31:17,2913.49,2.7099999999995816,2910.8340000000003
322,0.0,0.0,0.0,Amazon,2020-09-21 14:31:50,2916.08,2.5900000000001455,2911.6620000000003
323,-0.21000000000003638,0.0,2.3699999999989814,Amazon,2020-09-21 14:32:21,2916.08,0.0,2912.552
324,0.0,14.910000000001673,-0.5099999999983993,Amazon,2020-09-21 14:32:54,2915.33,-0.75,2913.442
325,0.0,-14.910000000001673,-1.9000000000014552,Amazon,2020-09-21 14:33:26,2915.33,0.0,2914.352
326,-1.800000000000182,0.0,0.0,Amazon,2020-09-21 14:33:58,2907.78,-7.549999999999727,2915.2619999999997
327,1.800000000000182,2.210000000000946,-22.63000000000102,Amazon,2020-09-21 14:34:29,2907.78,0.0,2914.12
328,-1.4299999999998363,0.0,24.530000000002474,Amazon,2020-09-21 14:35:10,2908.52,0.7399999999997817,2912.46
329,0.0,0.0,-23.700000000000728,Amazon,2020-09-21 14:35:43,2908.52,0.0,2910.9480000000003
330,-2.769999999999982,12.700000000000728,0.0,Amazon,2020-09-21 14:36:15,2915.2,6.679999999999836,2909.5860000000002
331,0.0,0.0,0.0,Amazon,2020-09-21 14:36:47,2915.2,0.0,2909.56
332,4.989999999999782,-10.410000000001673,0.0,Amazon,2020-09-21 14:37:19,2916.25,1.050000000000182,2911.0440000000003
333,0.0,0.0,-0.8300000000017462,Amazon,2020-09-21 14:37:51,2916.25,0.0,2912.738
334,0.0,10.56000000000131,0.0,Amazon,2020-09-21 14:38:23,2917.0,0.75,2914.2839999999997
335,0.0,0.0,37.210000000002765,Amazon,2020-09-21 14:38:55,2917.0,0.0,2915.98
336,-5.5099999999997635,0.0,0.0,Amazon,2020-09-21 14:39:26,2922.9,5.900000000000091,2916.34
337,0.0,0.0,0.0,Amazon,2020-09-21 14:39:57,2922.9,0.0,2917.88
338,7.379999999999654,-8.8700000000008,4.809999999997672,Amazon,2020-09-21 14:40:29,2920.33,-2.5700000000001637,2919.21
339,0.0,0.0,0.0,Amazon,2020-09-21 14:41:01,2920.33,0.0,2920.026
340,0.0,22.610000000000582,-2.719999999997526,Amazon,2020-09-21 14:41:33,2918.47,-1.8600000000001273,2920.692
341,0.0,0.0,0.0,Amazon,2020-09-21 14:42:05,2918.47,0.0,2920.986
342,-4.779999999999745,0.0,-2.0900000000001455,Amazon,2020-09-21 14:42:37,2918.47,0.0,2920.0999999999995
343,0.0,0.0,23.549999999999272,Amazon,2020-09-21 14:43:08,2918.47,0.0,2919.2139999999995
344,4.779999999999745,-12.280000000000655,0.0,Amazon,2020-09-21 14:43:42,2922.44,3.9700000000002547,2918.8419999999996
345,0.0,0.0,-41.44000000000233,Amazon,2020-09-21 14:44:24,2922.44,0.0,2919.264
346,-4.779999999999745,2.6900000000005093,0.0,Amazon,2020-09-21 14:44:56,2930.0,7.559999999999945,2920.058
347,0.0,0.0,0.6000000000021828,Amazon,2020-09-21 14:45:29,2928.88,-1.1199999999998909,2922.364
348,0.0,-2.9099999999998545,-0.6000000000021828,Amazon,2020-09-21 14:46:02,2932.4,3.519999999999982,2924.446
349,0.0,5.690000000000509,21.400000000001455,Amazon,2020-09-21 14:46:34,2934.23,1.8299999999999272,2927.2320000000004
350,0.0,0.0,0.0,Amazon,2020-09-21 14:47:07,2934.23,0.0,2929.5899999999997
351,3.880000000000109,-8.3700000000008,-23.470000000001164,Amazon,2020-09-21 14:47:39,2933.06,-1.1700000000000728,2931.948
352,0.0,0.0,0.0,Amazon,2020-09-21 14:48:11,2933.06,0.0,2932.56
353,-1.3200000000001637,8.3700000000008,0.0,Amazon,2020-09-21 14:48:43,2939.2,6.139999999999873,2933.3959999999997
354,0.0,0.0,0.0,Amazon,2020-09-21 14:49:15,2939.2,0.0,2934.756
355,1.2199999999998,-7.360000000000582,4.610000000000582,Amazon,2020-09-21 14:49:46,2933.06,-6.139999999999873,2935.75
356,0.0,0.0,0.0,Amazon,2020-09-21 14:50:18,2941.0,7.940000000000055,2935.516
357,0.0,0.4899999999997817,18.860000000000582,Amazon,2020-09-21 14:50:49,2941.0,0.0,2937.104
358,0.0,0.0,-18.860000000000582,Amazon,2020-09-21 14:51:23,2936.0,-5.0,2938.692
359,0.0,12.590000000000146,0.0,Amazon,2020-09-21 14:51:54,2936.0,0.0,2938.052
360,0.47000000000025466,5.209999999999127,-4.610000000000582,Amazon,2020-09-21 14:52:27,2941.44,5.440000000000055,2937.412
361,0.5199999999999818,-5.209999999999127,28.13000000000102,Amazon,2020-09-21 14:52:59,2941.89,0.4499999999998181,2939.088
362,0.0,0.0,35.51000000000204,Amazon,2020-09-21 14:53:34,2941.89,0.0,2939.266
363,7.380000000000109,1.3999999999996362,0.0,Amazon,2020-09-21 14:54:06,2947.04,5.150000000000091,2939.444
364,0.0,0.0,2.609999999996944,Amazon,2020-09-21 14:54:38,2947.04,0.0,2941.6519999999996
365,-1.930000000000291,1.610000000000582,0.0,Amazon,2020-09-21 14:55:10,2947.04,0.0,2943.8599999999997
366,0.0,0.0,-7.789999999997235,Amazon,2020-09-21 14:55:42,2947.04,0.0,2944.9800000000005
367,0.0,-0.8899999999994179,5.329999999998108,Amazon,2020-09-21 14:56:14,2953.36,6.320000000000164,2946.0100000000007
368,0.0,0.0,0.0,Amazon,2020-09-21 14:56:46,2953.36,0.0,2948.304
369,1.2400000000002365,-1.0800000000017462,0.0,Amazon,2020-09-21 14:57:18,2956.8,3.4400000000000546,2949.568
370,0.0,0.0,0.0,Amazon,2020-09-21 14:57:51,2956.8,0.0,2951.5200000000004
371,0.6900000000000546,0.0,-1.9899999999979627,Amazon,2020-09-21 14:58:23,2957.52,0.7199999999997999,2953.472
372,0.0,0.0,0.0,Amazon,2020-09-21 14:58:54,2957.52,0.0,2955.568
373,3.5899999999996908,0.0,4.44999999999709,Amazon,2020-09-21 14:59:25,2957.52,0.0,2956.4
374,0.0,0.0,34.25,Amazon,2020-09-21 14:59:57,2957.52,0.0,2957.2320000000004
375,4.370000000000346,11.390000000001237,0.0,Amazon,2020-09-21 15:00:30,2962.0,4.480000000000018,2957.376
376,0.0,0.0,25.450000000000728,Amazon,2020-09-21 15:01:02,2962.0,0.0,2958.416
377,-0.20000000000027285,17.51000000000022,-25.450000000000728,Amazon,2020-09-21 15:01:35,2934.24,-27.76000000000022,2959.312
378,0.0,0.0,0.0,Amazon,2020-09-21 15:02:06,2934.24,0.0,2954.656
379,-4.029999999999745,-24.710000000000946,-8.079999999998108,Amazon,2020-09-21 15:02:38,2934.24,0.0,2950.0
380,3.8099999999999454,1.9799999999995634,42.06000000000131,Amazon,2020-09-21 15:03:09,2934.24,0.0,2945.344
381,0.0,0.0,0.0,Amazon,2020-09-21 15:03:44,2965.0,30.76000000000022,2939.792
382,0.0,18.3700000000008,0.5299999999988358,Amazon,2020-09-21 15:04:15,2965.0,0.0,2940.392
383,0.0,0.0,0.0,Amazon,2020-09-21 15:04:48,2965.0,0.0,2946.544
384,-0.03000000000020009,4.360000000000582,-0.5299999999988358,Amazon,2020-09-21 15:05:19,2965.0,0.0,2952.696
385,0.0,0.0,0.0,Amazon,2020-09-21 15:05:52,2968.52,3.519999999999982,2958.848
386,0.0,-6.550000000001091,0.0,Amazon,2020-09-21 15:06:24,2968.52,0.0,2965.704
387,0.0,0.0,0.0,Amazon,2020-09-21 15:06:57,2968.52,0.0,2966.4080000000004
388,0.0,0.0,1.1199999999989814,Amazon,2020-09-21 15:07:29,2968.52,0.0,2967.112
389,0.0,-0.8899999999994179,0.0,Amazon,2020-09-21 15:08:06,2969.0,0.4800000000000182,2967.8160000000003
390,0.0,29.579999999999927,0.0,Amazon,2020-09-21 15:08:40,2969.0,0.0,2968.616
391,0.0,-7.5,0.0,Amazon,2020-09-21 15:09:11,2969.0,0.0,2968.712
392,0.0,0.0,0.0,Amazon,2020-09-21 15:10:05,2969.0,0.0,2968.808
393,0.0,0.6299999999991996,0.0,Amazon,2020-09-21 15:10:38,2969.0,0.0,2968.904
394,0.0,20.770000000000437,0.0,Amazon,2020-09-21 15:11:09,2969.0,0.0,2969.0
395,0.0,2.1599999999998545,0.0,Amazon,2020-09-21 15:11:42,2969.0,0.0,2969.0
396,0.0,0.0,0.0,Amazon,2020-09-21 15:12:13,2969.0,0.0,2969.0
397,0.0,-11.260000000000218,0.0,Amazon,2020-09-21 15:12:44,2969.0,0.0,2969.0
398,0.0,0.0,0.0,Amazon,2020-09-21 15:13:16,2969.0,0.0,2969.0
399,0.0,0.0,0.0,Amazon,2020-09-21 15:13:47,2969.0,0.0,2969.0
